{
  "mean": [
    43.063331604003906,
    1.0,
    0.43789175152778625,
    0.02210826240479946,
    0.7492824196815491,
    393.9132385253906,
    0.05588565766811371,
    0.43789175152778625,
    0.5196744203567505,
    -0.8544339537620544
  ],
  "std": [
    11.773725509643555,
    1.0,
    0.8034623861312866,
    0.14703458547592163,
    0.12739257514476776,
    185.38380432128906,
    0.0212679672986269,
    0.8034623861312866,
    0.0021348842419683933,
    0.0013028030516579747
  ],
  "feature_names": [
    "prompt_length",
    "message_count",
    "signal_score",
    "latency_ms",
    "temperature",
    "max_tokens",
    "inter_arrival_sec",
    "signal_hit_count",
    "hour_sin",
    "hour_cos"
  ]
}