{
  "mean": [
    42.20710754394531,
    1.0,
    0.8468137383460999,
    0.000735294132027775,
    0.6872566938400269,
    346.2397155761719,
    0.46384555101394653,
    0.8468137383460999,
    -0.1830875724554062,
    0.9830507636070251,
    0.25770920515060425,
    1.0,
    3.8834996223449707
  ],
  "std": [
    27.619731903076172,
    1.0,
    1.5231319665908813,
    0.034998368471860886,
    0.21742874383926392,
    362.5169677734375,
    0.2814147472381592,
    1.5231319665908813,
    0.0017107098829001188,
    0.00032396463211625814,
    0.1592339277267456,
    1.0,
    0.23112693428993225
  ],
  "scale": [
    27.619731903076172,
    1.0,
    1.5231319665908813,
    0.034998368471860886,
    0.21742874383926392,
    362.5169677734375,
    0.2814147472381592,
    1.5231319665908813,
    0.0017107098829001188,
    0.00032396463211625814,
    0.1592339277267456,
    1.0,
    0.23112693428993225
  ],
  "feature_names": [
    "prompt_length",
    "message_count",
    "signal_score",
    "latency_ms",
    "temperature",
    "max_tokens",
    "inter_arrival_sec",
    "signal_hit_count",
    "hour_sin",
    "hour_cos",
    "prompt_similarity_to_session_mean",
    "distinct_models_in_window",
    "prompt_char_entropy"
  ]
}